Workbook

Sheet customer
C3: ESTIMATE | G3: GREENTECH PAINTING INC
A4: Name: | B4: Customer name | D4: Project Type | G4: 1243 Royal York Rd
A5: Address: | D5: Standard | G5: London ON N6H 4A1
A6: Phone: | G6: 2265042243
A7: email: | G7: customerservice@greentechpainting.com
A8: Date: | G8: www.greentechpainting.com
A9: Quote number:
C10: Together, let’s make a positive impact on the world, one paint job at a time.
A11: Number | B11: Area | C11: Area dimensions | F11: Ceiling | G11: Baseboard | H11: coats
B12: Internal Painting | C12: With (Ft) | D12: Depth (Ft) | E12: Height (ft) | F12: Service | G12: Service | H12: Primer | I12: Finish
A13: 1 | B13: Dinning room | C13: 2 | D13: 2 | E13: 4 | F13: Yes | G13: No | H13: 1 | I13: 1
A14: 2 | B14: Foyer | C14: 1 | D14: 2 | E14: 3 | F14: No | G14: Yes
A15: 3 | B15: Bedroom | C15: 2 | E15: 6 | F15: Yes | G15: Yes
A16: 4 | B16: Closet | C16: 1 | F16: No | G16: Yes
A17: 5 | B17: Dinning room | C17: 1 | F17: Yes
A18: 6 | B18: Closet | C18: 5 | F18: Yes
A19: 7 | F19: No
A20: 8 | F20: No
A21: 9 | F21: No
A22: 10 | F22: Yes
A23: 11 | F23: Yes
A24: 12 | F24: No
A25: 13 | F25: No
A26: 14 | F26: No
A27: 15 | F27: Yes
H28: Tax: | I28: 0.13
B30: Doors and accesories (Labor and paint)
B31: One and a half wood door | D31: 1 | F31: 1
B32: Bi-fold wood door | D32: 1 | F32: 1
B33: Single Metal man door | D33: 1 | F33: 1
A34: Doors | C34: QTY
E35: Coat
B37: One and a half wood door | D37: 1 | F37: 1
A38: Accessories | B38: Baseboard | C38: Ft | D38: 0 | F38: 0
B39: Crownmolding | D39: 0 | F39: 0

Sheet python
A1: customer_name | B1: room_number | C1: Area_Name | D1: Sub_service | E1: service_result | F1: Width | G1: Depth | H1: Height | I1: Total_Area | J1: Finish_type | K1: Primer_coats | L1: Finish_coat | M1: Baseboard_length | N1: special_labor | O1: Hr_special_labor | P1: gallon | Q1: discount | R1: tax
A2: ='customer'!B4 -> Customer name | B2: 1 | C2: ='customer'!B13 -> Dinning room | D2: Walls | E2: 1 | F2: ='customer'!C13 -> 2 | G2: ='customer'!D13 -> 2 | H2: ='customer'!E13 -> 4
B3: 1 | C3: ='customer'!B13 -> Dinning room | D3: Ceiling | E3: =IF('customer'!F13="Yes", 1, 0) -> 1 | F3: ='customer'!C13 -> 2 | G3: ='customer'!D13 -> 2 | H3: ='customer'!E13 -> 4
B4: 2 | C4: ='customer'!B14 -> Foyer | D4: Walls | E4: 1 | F4: ='customer'!C14 -> 1 | G4: ='customer'!D14 -> 2 | H4: ='customer'!E14 -> 3
B5: 2 | C5: ='customer'!B14 -> Foyer | D5: Ceiling | E5: =IF('customer'!F14="Yes", 1, 0) -> 0 | F5: ='customer'!C14 -> 1 | G5: ='customer'!D14 -> 2 | H5: ='customer'!E14 -> 3
B6: 3 | C6: ='customer'!B15 -> Bedroom | D6: Walls | E6: 1 | F6: ='customer'!C15 -> 2 | G6: ='customer'!D15 -> 0 | H6: ='customer'!E15 -> 6
B7: 3 | C7: ='customer'!B15 -> Bedroom | D7: Ceiling | E7: =IF('customer'!F15="Yes", 1, 0) -> 1 | F7: ='customer'!C15 -> 2 | G7: ='customer'!D15 -> 0 | H7: ='customer'!E15 -> 6
B8: 4 | C8: ='customer'!B16 -> Closet | D8: Walls | E8: 1 | F8: ='customer'!C16 -> 1
B9: 4 | C9: ='customer'!B16 -> Closet | D9: Ceiling | E9: =IF('customer'!F16="Yes", 1, 0) -> 0 | F9: ='customer'!C16 -> 1
B10: 5 | C10: ='customer'!B17 -> Dinning room | D10: Walls | E10: 1 | F10: ='customer'!C17 -> 1
B11: 5 | C11: ='customer'!B17 -> Dinning room | D11: Ceiling | E11: =IF('customer'!F17="Yes", 1, 0) -> 1 | F11: ='customer'!C17 -> 1
B12: 6 | C12: ='customer'!B18 -> Closet | D12: Walls | E12: 1 | F12: ='customer'!C18 -> 5
B13: 6 | C13: ='customer'!B18 -> Closet | D13: Ceiling | E13: =IF('customer'!F18="Yes", 1, 0) -> 1 | F13: ='customer'!C18 -> 5
B14: 7 | C14: ='customer'!B19 -> 0 | D14: Walls | E14: 1 | F14: ='customer'!C19 -> 0
B15: 7 | C15: ='customer'!B19 -> 0 | D15: Ceiling | E15: =IF('customer'!F19="Yes", 1, 0) -> 0 | F15: ='customer'!C19 -> 0
B16: 8 | C16: ='customer'!B20 -> 0 | D16: Walls | E16: 1 | F16: ='customer'!C20 -> 0
B17: 8 | C17: ='customer'!B20 -> 0 | D17: Ceiling | E17: =IF('customer'!F20="Yes", 1, 0) -> 0 | F17: ='customer'!C20 -> 0
B18: 9 | C18: ='customer'!B21 -> 0 | D18: Walls | E18: 1 | F18: ='customer'!C21 -> 0
B19: 9 | C19: ='customer'!B21 -> 0 | D19: Ceiling | E19: =IF('customer'!F21="Yes", 1, 0) -> 0 | F19: ='customer'!C21 -> 0
B20: 10 | C20: ='customer'!B22 -> 0 | D20: Walls | E20: 1 | F20: ='customer'!C22 -> 0
B21: 10 | C21: ='customer'!B22 -> 0 | D21: Ceiling | E21: =IF('customer'!F22="Yes", 1, 0) -> 1 | F21: ='customer'!C22 -> 0
B22: 11 | C22: ='customer'!B23 -> 0 | D22: Walls | E22: 1 | F22: ='customer'!C23 -> 0
B23: 11 | C23: ='customer'!B23 -> 0 | D23: Ceiling | E23: =IF('customer'!F23="Yes", 1, 0) -> 1 | F23: ='customer'!C23 -> 0
B24: 12 | C24: ='customer'!B24 -> 0 | D24: Walls | E24: 1 | F24: ='customer'!C24 -> 0
B25: 12 | C25: ='customer'!B24 -> 0 | D25: Ceiling | E25: =IF('customer'!F24="Yes", 1, 0) -> 0 | F25: ='customer'!C24 -> 0
B26: 13 | C26: ='customer'!B25 -> 0 | D26: Walls | E26: 1 | F26: ='customer'!C25 -> 0
B27: 13 | C27: ='customer'!B25 -> 0 | D27: Ceiling | E27: =IF('customer'!F25="Yes", 1, 0) -> 0 | F27: ='customer'!C25 -> 0
B28: 14 | C28: ='customer'!B26 -> 0 | D28: Walls | E28: 1 | F28: ='customer'!C26 -> 0
B29: 14 | C29: ='customer'!B26 -> 0 | D29: Ceiling | E29: =IF('customer'!F26="Yes", 1, 0) -> 0 | F29: ='customer'!C26 -> 0
B30: 15 | C30: ='customer'!B27 -> 0 | D30: Walls | E30: 1 | F30: ='customer'!C27 -> 0
B31: 15 | C31: ='customer'!B27 -> 0 | D31: Ceiling | E31: =IF('customer'!F27="Yes", 1, 0) -> 1 | F31: ='customer'!C27 -> 0
A34: Door | B34: Quantity
